Food_items,Breakfast,Lunch,Dinner,VegNovVeg,Junk Food,Calories,Fats,Proteins,Iron,Calcium,Sodium,Potassium,Carbohydrates,Fibre,VitaminD,Sugars,Link
Asparagus Cooked,0,1,1,0,0,22,0.2,2.4,0.91,23,14,224,4.1,2,0,1.3,https://tse1.mm.bing.net/th/id/OIP.JiunioH6eDMEIJtRat5dowAAAA?r=0&rs=1&pid=ImgDetMain
Avocados,1,0,0,0,0,160,15,2,0.55,12,7,485,8.5,6.7,0,0.7,https://domf5oio6qrcr.cloudfront.net/medialibrary/5138/h0618g16207257173805.jpg
Bananas,1,0,0,0,0,89,0.3,1.1,0.26,5,1,358,23,2.6,0,12,https://images.heb.com/is/image/HEBGrocery/000377497
Boiled Egg,1,1,1,1,0,155,10,12,1.2,50,124,126,1.1,0,2.2,1.1,https://steamykitchen.com/wp-content/uploads/2023/10/soft-boiled-eggs-yolk.jpeg
Fried Egg,1,1,1,1,0,196,14.8,13,1.9,62,207,152,0.9,0,2.2,0.4,https://bing.com/th?id=OSK.53089988fc3e045aef79cb8ae419817d
Bagels made in wheat,0,1,1,0,1,250,1.5,10,2.76,20,439,165,49,4.1,0,6.1,https://th.bing.com/th/id/OIP.-x7drBY85kA0GyPcnUBhmQHaHi?rs=1&pid=ImgDetMain
Berries,1,0,0,0,0,349,0.4,14,6.8,190,298,77,77,13,0,46,https://th.bing.com/th/id/R.7b7c8a6bac9677484bf745f76f9257a9?rik=%2f0IdObK%2b1U%2fNEQ&pid=ImgRaw&r=0
Brocolli,0,1,1,0,0,25,0.5,3.8,1.27,118,56,343,3.1,2.8,0,0.6,https://th.bing.com/th/id/OIP.zeKqXlUZor5fT88s0IVDhQHaEm?rs=1&pid=ImgDetMain
Brown Rice,0,1,1,0,0,362,2.7,7.5,1.8,33,4,268,76,3.4,0,0,https://th.bing.com/th/id/OIP.qnqr2ovVMB6HuQ05-Fwp0wHaHa?rs=1&pid=ImgDetMain
Cauliflower,0,1,1,0,0,32,0.3,3,0.72,32,259,278,6.3,3.3,0,0,https://th.bing.com/th/id/OIP.lQ9sBnPaLzGPbkdQgJ-DqwHaE8?rs=1&pid=ImgDetMain
American cheese,1,0,0,0,0,331,24,20,0.84,497,966,363,8.3,0,0,0,https://th.bing.com/th/id/R.5fe9a3fe1f40b74a39360589b00bddc0?rik=TXZ9ZmQThYpN5A&pid=ImgRaw&r=0
Coffee,1,0,0,0,0,2,0,0.3,0.02,2,1,50,0.2,0,0,0,https://th.bing.com/th/id/OIP.R2EgUd-qfhTvwfOcBTyqWQHaEO?rs=1&pid=ImgDetMain
Corn,1,1,1,0,0,97,1.4,3.3,0.55,2,253,3.3,22,2.7,0,7.7,https://th.bing.com/th/id/OIP.TjPm7I6kuJer0_Xh0KTEVAHaE7?rs=1&pid=ImgDetMain
Dark chocolates,0,0,1,0,1,556,32,5.5,2.13,30,6,502,60,6.5,0,48,https://th.bing.com/th/id/OIP.jV9pQwMfwbIQcn0I82deTQHaEK?o=7rm=3&rs=1&pid=ImgDetMain
Grapes,1,0,0,0,0,93,2.1,5.6,2.63,363,9,272,17,11,0,6.3,https://th.bing.com/th/id/OIP.QcjDKfKuGp8MDOLgQQnVRQHaEG?rs=1&pid=ImgDetMain
Milk,1,0,1,0,0,97,6.9,3.8,0.12,169,52,178,5.2,0,0,0,https://th.bing.com/th/id/OIP.i6v-8j3Rgpr0pzE6nnBGRwHaLH?rs=1&pid=ImgDetMain
Cashew Nuts,1,0,0,0,0,553,44,18,6.68,37,12,660,30,3.3,0,5.9,https://th.bing.com/th/id/OIP.bQwWytQUjaWG0zNK_BxPOwHaD4?rs=1&pid=ImgDetMain
Onions,0,1,1,0,0,40,0.1,1.1,0.21,23,4,146,9.3,1.7,0,4.2,https://th.bing.com/th/id/R.d8c736d7731e57dddbeac3aa5e99ee1d?rik=cV6yIsCR%2fJRPug&riu=http%3a%2f%2fwww.almanac.com%2fsites%2fdefault%2ffiles%2fimage_nodes%2fonions.jpg&ehk=j9c2t0N3TYlDybNtpzOKj2StSAC6Nz3%2bVJD6BbBXxBc%3d&risl=&pid=ImgRaw&r=0
Orange,1,0,0,0,0,97,0.2,1.5,0.8,161,3,212,25,11,0,0,https://th.bing.com/th/id/R.fde462effe7d3f9b53e0a70a3b3b925e?rik=lbCTJPwLy%2bZp6A&pid=ImgRaw&r=0
Pasta canned with tomato sauce,0,1,1,0,1,71,0.7,2.2,0.91,13,381,192,14,0.9,0,4,https://th.bing.com/th/id/OIP.roTwIO1fo6wGH07ShBPiuwAAAA?rs=1&pid=ImgDetMain
Pears,1,0,0,0,0,57,0.1,0.4,0.18,9,1,116,15,3.1,0,9.8,https://th.bing.com/th/id/R.6842f64a2817b4060089dd97284cce8f?rik=S72tmR5g0GvgsA&pid=ImgRaw&r=0
Peas,0,1,1,0,0,81,0.4,5.4,1.47,25,5,244,14,5.7,0,5.7,https://th.bing.com/th/id/OIP.MUsvJj0rykWRLunOv_zGSAHaEo?o=7rm=3&rs=1&pid=ImgDetMain
Protein Powder,1,0,0,0,0,411,17,46,8.57,500,329,1129,19,7.1,200,5.7,https://th.bing.com/th/id/OIP.MUsvJj0rykWRLunOv_zGSAHaEo?o=7rm=3&rs=1&pid=ImgDetMain
Pumpkin,0,1,1,0,0,18,0.1,0.7,0.57,15,237,230,4.3,1.1,0,2.1,https://th.bing.com/th/id/R.e57d03b9d993f51fa303d9dec189eeb2?rik=qyDCPqb7fJN4KA&riu=http%3a%2f%2fwallsdesk.com%2fwp-content%2fuploads%2f2017%2f01%2fPumpkin-4K.jpg&ehk=TawoDuJDTfXol4TnSlrSF2GSfHUjtm8jo7UKMAHuves%3d&risl=&pid=ImgRaw&r=0
Tuna Salad,0,1,1,1,0,187,9.3,16,1,17,402,178,9.4,0,0,0,https://th.bing.com/th/id/R.b22025fed5cc817e9d6f708ab4f50960?rik=3nqmTkD4cf615A&pid=ImgRaw&r=0
Tuna Fish,0,0,1,1,0,184,6.3,30,1.31,10,50,323,0,0,0,0,https://th.bing.com/th/id/OIP.q0_KS-WLNONyasoL8zWWXwAAAA?rs=1&pid=ImgDetMain
Peproni Pizza,0,0,1,0,1,298,14,12,2.14,146,692,199,30,1.8,0,3.2,"https://www.simplyrecipes.com/thmb/rLl58QZmVP4C3zSlpkKBo72EUws=/2000x1333/filters:fill(auto,1)/__opt__aboutcom__coeus__resources__content_migration__simply_recipes__uploads__2019__09__easy-pepperoni-pizza-lead-3-8f256746d649404baa36a44d271329bc.jpg"
Cheese Pizza,0,0,1,0,1,276,11,11,2.47,192,580,170,33,2.1,0,2.5,https://th.bing.com/th/id/R.194b73cf7ce090898ddff8a4058b8d7e?rik=0CfHY52g9l%2foFA&pid=ImgRaw&r=0
French Fries,0,1,1,0,1,289,14,3.5,0.91,17,357,545,37,3.9,0,0.3,https://th.bing.com/th/id/OIP.T96-l_gUGQYf8e0GFOosngHaHm?rs=1&pid=ImgDetMain
Chicken Burger,0,1,1,1,1,292,15,18,0.62,13,859,315,20,1.3,0,0,https://th.bing.com/th/id/OIP.m93SV6ox1swkqRaBnEzbHgHaHa?rs=1&pid=ImgDetMain
Cheese Burger,0,1,1,0,1,256,12,13,2.78,92,660,178,25,1.4,0,0,https://th.bing.com/th/id/R.48786f83fd935da5b02c3b5d2ab9e1a0?rik=XFYcL1dDWHUJzQ&pid=ImgRaw&r=0
Chicken Sandwich,0,1,1,1,1,257,12,15,1.32,92,605,256,23,1.2,0,5,https://th.bing.com/th/id/R.48786f83fd935da5b02c3b5d2ab9e1a0?rik=XFYcL1dDWHUJzQ&pid=ImgRaw&r=0
Sugar Doughnuts,0,1,1,0,1,426,23,5.2,1.06,60,402,102,51,1.5,0,32,https://th.bing.com/th/id/R.48786f83fd935da5b02c3b5d2ab9e1a0?rik=XFYcL1dDWHUJzQ&pid=ImgRaw&r=0
Chocolate Doughnuts,0,1,1,0,1,452,25,4.9,4,24,326,201,51,1.9,0,27,https://th.bing.com/th/id/R.48786f83fd935da5b02c3b5d2ab9e1a0?rik=XFYcL1dDWHUJzQ&pid=ImgRaw&r=0
Pop Corn - Caramel,1,0,1,0,0,381,1.4,2,0.8,18,286,110,90,2.5,0,65,https://th.bing.com/th/id/OIP.TlKiwx-7T_npDGO3hU9PVAHaE7?o=7rm=3&rs=1&pid=ImgDetMain
Pop Corn,1,0,1,0,0,429,9.5,13,2.28,11,490,241,73,14,0,0.5,https://th.bing.com/th/id/R.875b627dc780c3343fff99546d25257e?rik=qlGhUyJ%2bFGomzA&pid=ImgRaw&r=0
Dosa,1,1,1,0,0,168,3.7,4.5,8,0.7,94,76,29,0.9,0,0.1,https://th.bing.com/th/id/R.3b703705350b22623fdc0600012fe04b?rik=32JOX0O4rZTeFQ&pid=ImgRaw&r=0
Idli,1,1,1,0,0,156,1.7,5,17.2,4,207,63,30.2,2.1,0,0.74,https://th.bing.com/th/id/R.2eb760074dfb276bedd63ba15868a53c?rik=kEQESCz7zfjBxw&riu=http%3a%2f%2fwww.alchemybuzz.com%2fcontent%2f2022%2f01%2fthe-humble-idli.jpg&ehk=nDijTxXRDa1zi5m6%2boP5yEbdvQVT6gPDMdLXeS4iu1c%3d&risl=&pid=ImgRaw&r=0
Poha,1,0,0,0,0,130,1.5,2.6,3.16,1,201,117,26.9,1.1,0,0.5,https://th.bing.com/th/id/R.904b06129c0dc95dbe984074a2567224?rik=%2bMbB0wia2L0IzQ&riu=http%3a%2f%2fslurrp.club%2fwp-content%2fuploads%2f2019%2f05%2fDSC_0935.jpg&ehk=C3vZ3lQkhVpDqDW8sx%2bLW2jAZ%2bg7e3MI%2fFD5gkchMxk%3d&risl=&pid=ImgRaw&r=0
Chappati,0,1,1,0,0,297,7.5,11,3.01,93,409,266,46,4.9,0,2.7,https://th.bing.com/th/id/R.904b06129c0dc95dbe984074a2567224?rik=%2bMbB0wia2L0IzQ&riu=http%3a%2f%2fslurrp.club%2fwp-content%2fuploads%2f2019%2f05%2fDSC_0935.jpg&ehk=C3vZ3lQkhVpDqDW8sx%2bLW2jAZ%2bg7e3MI%2fFD5gkchMxk%3d&risl=&pid=ImgRaw&r=0
Tomato,1,1,1,0,0,16,0.2,1.2,0.47,5,42,212,3.2,0.9,0,2.63,https://th.bing.com/th/id/OIP.r9X56QTUr11OfESIsUrWKQHaGK?rs=1&pid=ImgDetMain
Yogurt,1,1,1,0,0,60,4,3.1,0.08,183,70,234,7,0,1,7,https://th.bing.com/th/id/OIP.ryzOLON7LTzJr8jto77BJwHaE8?rs=1&pid=ImgDetMain
Brownie,1,0,0,0,0,407,6.2,4.4,3.81,17,457,51,84,2.9,0,55,https://th.bing.com/th/id/OIP.KHpfa9WyXHVgcPuCETBi3gHaJQ?rs=1&pid=ImgDetMain
Noodles,0,1,1,0,1,108,0.2,1.8,0.14,4,19,4,24,1,0,0,https://th.bing.com/th/id/OIP.ZKZNwJ55lwbMLdCGE9gxbAHaFD?o=7rm=3&rs=1&pid=ImgDetMain
Uttapam,1,1,1,0,0,188,7.2,4.4,24,6.4,522,91,26.4,2.2,0,0.24,https://th.bing.com/th/id/OIP.eRxsCdAunqzHLQJWZg9lKQHaHa?o=7rm=3&rs=1&pid=ImgDetMain
Bhaji Pav,1,0,0,0,1,151,2.4,9,37.4,3.4,438,180,29.3,1,0,1.35,https://th.bing.com/th/id/OIP.bjpTLW2E7QMuXzlIe2JsrwHaGs?rs=1&pid=ImgDetMain
Dal Makhani,0,1,1,0,0,109,8.5,2.1,35.2,8.3,243,366,6.3,1.5,0,3.29,https://th.bing.com/th/id/OIP.pSEGKJwkc3JWMBhb9b1PZgHaHa?rs=1&pid=ImgDetMain
Almonds,1,0,0,0,0,579,50,21,3.71,269,1,733,22,13,0,4.4,https://th.bing.com/th/id/OIP.pSEGKJwkc3JWMBhb9b1PZgHaHa?rs=1&pid=ImgDetMain
Mushrooms,1,1,1,0,0,22,0.3,3.1,0.5,3,5,318,3.3,1,7,2,https://th.bing.com/th/id/R.99d6bbe7f794eb1120f02767d4bbf73d?rik=4Ong1eLCydT2uA&pid=ImgRaw&r=0
Egg Yolk cooked,1,0,0,1,0,196,15,14,1.89,62,207,152,0.8,0,88,0.4,https://th.bing.com/th/id/R.3d92dfd08a32ecd860d05718b102dc9b?rik=5Lm6aelGIP2pjg&pid=ImgRaw&r=0
Sweet Potatoes cooked,1,1,0,0,0,76,0.1,1.4,0.72,27,27,230,18,2.5,0,5.7,https://th.bing.com/th/id/R.3d92dfd08a32ecd860d05718b102dc9b?rik=5Lm6aelGIP2pjg&pid=ImgRaw&r=0
Boiled Potatoes,1,1,1,0,0,87,0.1,1.9,0.31,5,240,379,20,2,0,0.9,https://th.bing.com/th/id/OIP.yPlsAr6gVleyv5ljB8zAFAHaHa?rs=1&pid=ImgDetMain
White Rice,0,1,1,0,0,360,0.6,6.6,4.36,9,1,86,79,1.4,0,0,https://th.bing.com/th/id/OIP.yPlsAr6gVleyv5ljB8zAFAHaHa?rs=1&pid=ImgDetMain
Orange juice,1,0,0,0,0,45,0.2,0.7,0.2,11,1,200,10,0.2,0,8.4,https://th.bing.com/th/id/R.fc9b365290699c6c4263890f0fc04d83?rik=yvO5qyFt2SWtag&pid=ImgRaw&r=0
Greek yogurt plain,1,1,1,0,0,73,1.9,10,0.04,115,34,141,3.9,0,0,3.6,https://th.bing.com/th/id/OIP.XnLvWVktpf2pS1eb0vGXKAHaHa?o=7rm=3&rs=1&pid=ImgDetMain
Oat Bran Cooked,1,0,0,0,0,40,0.9,3.2,0.88,10,1,92,11,2.6,0,0,https://th.bing.com/th/id/OIP.uGmNtaqVtg6HhGH02ruG0wAAAA?rs=1&pid=ImgDetMain
Green Tea,1,0,0,0,0,1,0,0.2,0.02,0,1,0.2,0,0,0,0,https://th.bing.com/th/id/OIP.3Jx9Ibv4erq4Gg-DmKtm4wHaEc?rs=1&pid=ImgDetMain
Chia seeds,1,0,0,0,0,486,31,17,7.72,631,16,407,42,34,0,0,https://th.bing.com/th/id/R.05067e927f41d422fda082fe1a51d2da?rik=loj%2bzxYyF5%2f0xA&pid=ImgRaw&r=0
Cottage cheese with vegetables,0,1,1,0,0,95,4.2,11,0.1,56,403,86,3,0.1,0,0.4,https://th.bing.com/th/id/OIP.uw-I4l_tQBeFWPEy8cxavgHaE8?rs=1&pid=ImgDetMain
Salmon,0,1,1,1,0,127,4.4,21,0.38,7,75,366,0,0,435,0,https://th.bing.com/th/id/OIP.uw-I4l_tQBeFWPEy8cxavgHaE8?rs=1&pid=ImgDetMain
Cereals-Corn Flakes,1,0,0,0,0,384,0.9,5.9,19.4,2,571,107,88,2.7,286,7.8,https://th.bing.com/th/id/OIP.uw-I4l_tQBeFWPEy8cxavgHaE8?rs=1&pid=ImgDetMain
Beans,0,1,1,0,0,31,0.2,1.8,1.03,37,6,211,7,2.7,0,3.3,https://th.bing.com/th/id/OIP.NPA3NW4kQ3Ea0HC4ol99dgHaE8?rs=1&pid=ImgDetMain
Lentils,0,1,1,0,0,101,0.5,8.8,3.1,14,246,284,21,0,0,0,https://th.bing.com/th/id/R.15e59ad8c11d5b90eb18a7fd53aa5fb7?rik=5Wk3BJqT6rJ0lw&pid=ImgRaw&r=0
Pasta with corn homemade,0,1,1,0,0,126,0.7,2.6,0.25,1,0,31,28,4.8,0,0,https://th.bing.com/th/id/OIP.edpdrhsbfV_T9SqhnFsukQHaLH?rs=1&pid=ImgDetMain
Tea,1,0,0,0,0,1,0,0,0.08,2,1,9,0.2,0,0,0,https://th.bing.com/th/id/OIP.edpdrhsbfV_T9SqhnFsukQHaLH?rs=1&pid=ImgDetMain
Apples,1,0,0,0,0,52,0.2,0.3,0.12,6,1,107,14,24,0,10,https://th.bing.com/th/id/OIP.edGXP6Pw6puE3jnvlpHAwwHaEc?rs=1&pid=ImgDetMain
Strawberries,1,0,0,0,0,32,0.3,0.7,0.41,16,1,153,7.7,2,0,4.9,https://th.bing.com/th/id/OIP.htsjGRtj7wv_cOQntrcRGwHaHa?rs=1&pid=ImgDetMain
Quninoa,1,1,0,0,0,120,1.9,4.4,1.49,17,7,172,21,2.8,0,0.9,https://www.thespruceeats.com/thmb/uaQfRPEyJHVPhPavZLCUL9mccOQ=/3872x2592/filters:fill(auto%2C1)/quinoa-526250463-5ace754fc5542e0036869250.jpg
Goat meat,0,1,1,1,0,109,2.3,21,2.83,13,82,385,57,0,0,0,https://th.bing.com/th/id/R.b30d2cd81b6ff441fd8a236c8dae0359?rik=6ziskWhhRYt1UQ&pid=ImgRaw&r=0
Rabbit meat,0,1,1,1,0,114,2.3,22,3.2,12,50,378,0,0,0,0,https://th.bing.com/th/id/OIP.7Hnkb53uaQ7lnxyfsI4v8QHaE8?rs=1&pid=ImgDetMain
Chicken Strips,0,0,1,1,0,295,15,19,0.72,11,798,334,22,1.1,0,0.3,https://th.bing.com/th/id/OIP.7Hnkb53uaQ7lnxyfsI4v8QHaE8?rs=1&pid=ImgDetMain
Steak Fries,0,1,1,1,1,255,13,3.3,0.69,19,43,551,31,3.5,0,0.9,https://th.bing.com/th/id/OIP.G1PxWcGVWtIlk_yfPkRvyAHaHa?rs=1&pid=ImgDetMain
Mexican Rice,0,1,1,0,0,195,4.9,3.6,1.18,39,677,131,34,1.1,0,1.4,https://th.bing.com/th/id/R.3033229e917b9f9129f4b8467e3e0fa4?rik=8UbtApKj5s%2bvLA&pid=ImgRaw&r=0
Fried Shrimp,0,0,1,1,1,319,20,14,1.54,47,1400,128,21,1.5,0,0.8,https://th.bing.com/th/id/R.6ffd0e9e70c66caee7d6a1aef92ee3db?rik=lWFtFvSj%2fBkDrQ&pid=ImgRaw&r=0
Spaghetti and meatballs,0,0,1,1,1,170,8.5,7.8,1.29,45,351,206,16,1.5,0,2,https://th.bing.com/th/id/R.ef67b9729545c9f617d33b30b4b98850?rik=rz%2faTdDvwTzrSg&pid=ImgRaw&r=0
Macroni n Cheese,0,1,1,0,0,194,12,6.5,57,145,375,127,16,1.1,0,2.8,https://th.bing.com/th/id/R.c3beef0d8978b0b987ce06c4fc5a42cd?rik=Qn3NOBazu1x1FQ&riu=http%3a%2f%2fcdn2.tmbi.com%2fTOH%2fImages%2fPhotos%2f37%2f1200x1200%2fHerbed-Macaroni-and-Cheese_exps4353_CAS2375015A09_08_1b_RMS.jpg&ehk=ubfvpTdbzd9S0V1YuA%2bqNNjEd01SdccHqLl6byX8I8w%3d&risl=&pid=ImgRaw&r=0
Pork cooked,0,0,1,1,0,297,21,26,1.29,22,73,362,0,0,0,0,https://th.bing.com/th/id/OIP.n_yJw_mn1vOWgrx_ahc6JwHaE8?rs=1&pid=ImgDetMain
Bacon cooked,0,0,1,1,0,146,2.8,28,0.56,7,993,999,1.8,0,0,1.2,https://th.bing.com/th/id/OIP.BGnKbVqAc2LUwq5akAHv3wHaE8?rs=1&pid=ImgDetMain
Nachos,1,1,1,0,0,350,22,4.3,0.75,63,313,362,35,3.2,0,2.2,https://th.bing.com/th/id/OIP.QKAMqBji5-zHpkV5gpzQ5AHaGE?rs=1&pid=ImgDetMain
Chicken Popcorn,0,1,1,1,0,351,22,18,1.42,32,1140,288,21,1,0,0,https://th.bing.com/th/id/OIP.e26NDdbZaGRqSuSNZjOjOwHaHa?rs=1&pid=ImgDetMain
Turkey cooked,0,1,1,1,0,203,10,27,1.52,28,78,294,0,0,8,0,https://th.bing.com/th/id/OIP.XdfTPoVXMSMH31z8t3ebogHaHa?rs=1&pid=ImgDetMain
Oyster cooked,0,1,1,1,0,159,4,29,4.9,6,81,409,0,0,0,0,https://th.bing.com/th/id/OIP.W6XO_8WSt3WA5N8m-FAUSwAAAA?rs=1&pid=ImgDetMain
Beef sticks,1,0,0,1,0,550,50,22,3.4,68,1531,257,5.4,0,0,0,https://th.bing.com/th/id/OIP.1859MLJO4OxKQcPAvn8DfAHaE7?rs=1&pid=ImgDetMain
Banana Chips,1,0,0,0,0,519,34,2.3,1.25,18,6,536,58,7.7,0,35,https://th.bing.com/th/id/R.a16b8414c4a7c6bdc13eaee6e4852b35?rik=F%2bGzTfr2aSipWQ&pid=ImgRaw&r=0
Honey,1,0,1,0,0,304,0,0.3,0.42,6,4,52,82,0.2,0,82,https://th.bing.com/th/id/OIP.N5gIH0CTBK4m_lcJjSpF0wHaFi?rs=1&pid=ImgDetMain
Chocolate Icecream,0,0,1,0,1,216,11,3.8,0.93,109,76,249,28,1.2,0,25,https://th.bing.com/th/id/OIP.3Uoroez-JGH1L0Wb6NN2owHaHa?rs=1&pid=ImgDetMain
Vanilla Ice cream,0,0,1,0,1,207,11,3.5,0.09,128,80,199,24,0.7,0,21,https://th.bing.com/th/id/R.6838e3fc2cb92976154c5e140b4a6326?rik=M8%2bfH5PimvuMUA&pid=ImgRaw&r=0
Strawberry Icecream,0,0,1,0,1,192,8.4,3.2,0.21,120,60,188,28,0.9,0,0,https://th.bing.com/th/id/R.6838e3fc2cb92976154c5e140b4a6326?rik=M8%2bfH5PimvuMUA&pid=ImgRaw&r=0
Marshmallows,0,0,1,0,1,318,0.2,1.8,0.23,3,80,5,81,0.1,0,58,https://th.bing.com/th/id/OIP.HEtJRhAIuLlAIjdvhxHo1QHaE6?rs=1&pid=ImgDetMain
Chocolate milk,1,0,0,0,1,535,30,7.7,2.35,189,79,372,59,3.4,0,52,https://th.bing.com/th/id/R.dba6254391599c59540fe97766947df6?rik=aR2K2y8iueXuXA&pid=ImgRaw&r=0
Rice Pudding,0,0,1,0,0,376,0.1,2.7,1.79,14,366,5,91,0.7,0,0,https://th.bing.com/th/id/OIP._-rvb50qwem2K-YMHt-2YQHaLH?rs=1&pid=ImgDetMain
Steamed Buff momos,0,1,0,1,1,590,30,30,0,0,3130,0,70,1,0,0,https://th.bing.com/th/id/OIP._-rvb50qwem2K-YMHt-2YQHaLH?rs=1&pid=ImgDetMain
Steamed chicken Momo,0,1,0,1,1,565,13,26.6,0,0,2500,0,85,1.6,0,1.6,https://th.bing.com/th/id/OIP.EOoOAlq3PotZiXmv01yzbwHaEL?rs=1&pid=ImgDetMain
Fried Chicken momos,0,1,0,1,1,812,33.8,45.2,0,0,2500,0,80.8,0,0,0,https://th.bing.com/th/id/OIP.EOoOAlq3PotZiXmv01yzbwHaEL?rs=1&pid=ImgDetMain
fried buff momos,0,1,0,1,1,620,22,34,1.122,0.17,112,1021,72,4,0,4,https://recipes.timesofindia.com/photo/53281477.cms?imgsize=145285
steamed veg momo,0,1,0,0,1,352,8,18,0,0,1112,275,52,4,0,46,https://th.bing.com/th/id/OIP.lgE8Avx3Rh-eaRZ_XK2lOQHaIT?rs=1&pid=ImgDetMain
chowmin,0,1,0,0,1,191,3.6,7.7,0,0,19506,0,31.8,0,0,12.6,https://th.bing.com/th/id/OIP.lgE8Avx3Rh-eaRZ_XK2lOQHaIT?rs=1&pid=ImgDetMain
current Noodles,0,1,0,0,1,485,22,10,1.5,12,1150,115,63,0.8,0,0,https://th.bing.com/th/id/OIP.YfBU4Iv3LkJE3kdGTTEb8gHaHe?rs=1&pid=ImgDetMain
Thukpa,0,1,0,0,1,200,1,13,3.12,0,7,0,36,11,0,6,https://th.bing.com/th/id/OIP.FOF3xo5tF1qtAD_tOaElOgHaFj?rs=1&pid=ImgDetMain
somosas,1,1,0,0,1,51,2.6,0.9,0,0,0,0,5.9,0.9,0,0,https://th.bing.com/th/id/R.5e9d914158f20abde43751bc56170aff?rik=IVjPf86fA0ExdQ&riu=http%3a%2f%2fwww.zedamagazine.com%2fwp-content%2fuploads%2f2018%2f06%2fIndian-Food-Samosa-Dish-HD-Wallpapers.jpg&ehk=CIZsxVe5CLA%2fpZXkiCdJuoTdrhucm2fgYqo%2fkXVfHls%3d&risl=&pid=ImgRaw&r=0
pani puri,0,1,0,0,1,25,1.5,0,0,0,0,0,4,0,0,0,https://th.bing.com/th/id/OIP.W4LA8ZeBFHxE3l4ID6SiWwHaHa?rs=1&pid=ImgDetMain
Chatpate,0,1,0,0,1,172,12.8,7.3,0,0,5.7,0,6.7,0,0,2.8,https://th.bing.com/th/id/R.8049644ea86cc2789f43fb9b3acaa0a5?rik=fl7q%2fDkmutzdQw&pid=ImgRaw&r=0
chatamari,0,1,0,0,1,176,12.9,7,0,0,4.8,0,7,0,0,1.9,https://th.bing.com/th/id/OIP.ZkBjJ0O_k37XiWtVGFpf4gHaFj?rs=1&pid=ImgDetMain
selroti,0,1,0,0,1,83,4.8,0.5,2.241,0.498,0.6,0,18.5,0.6,0,2.7,https://th.bing.com/th/id/OIP.0LKLTlpVB8rltgga4rs_GAHaGn?rs=1&pid=ImgDetMain
Yomari,0,1,0,0,1,115,1.2,2.2,2.241,1.495,11.7,0,22.7,0,0,0,https://haydenrue.com/wp-content/uploads/2022/09/Yomari.jpeg
gundruk,0,1,1,0,0,180,12,4,0.018,18,1000,5,12,0,0,0,https://th.bing.com/th/id/R.f57e0d48f8b1f2901c40d4081734d885?rik=tJdgR1RWzdDwKQ&riu=http%3a%2f%2f2.bp.blogspot.com%2f-tKEbIqfpuZo%2fU3Q3x87wGbI%2fAAAAAAAABXU%2fhXWvoWFADIU%2fs1600%2fDSC04144.JPG&ehk=2uNRJn1CqQDPRc7elqUzJJ5bsLXK%2bAj9GRISj9GmDEc%3d&risl=&pid=ImgRaw&r=0
Dhido,0,1,1,0,0,100,1,50,18,1000,5,26,1,0,0,0,https://th.bing.com/th/id/R.ad01b14daaa3901a4e619155b123b937?rik=VD4fvW%2bsTZ1vUg&riu=http%3a%2f%2fwww.wikihow.com%2fimages%2fb%2fbd%2fNepali-dhido-.jpg&ehk=KGGHB%2fIGo2kxnYlHM0Fb8feaCBWDPZYEkd7hUMwOPBI%3d&risl=&pid=ImgRaw&r=0
Aloo Tama,0,1,1,0,0,482,20,10,0.702,1250,0,0,65.5,0.8,0,0.1,https://images.slurrp.com/prod/recipe_images/transcribe/main%20course/Aloo-tama.webp
chicken sekuwa,0,1,1,1,0,450,8,33,0,0,700,0,63,0,0,4,https://images.slurrp.com/prod/recipe_images/transcribe/main%20course/Aloo-tama.webp
chicken choilaa,0,1,1,1,0,541,40,43,0,0,0,0,2,0,0,0,https://th.bing.com/th/id/OIP.a8bTgnAB9DgTS2md8uEjcAHaEx?rs=1&pid=ImgDetMain
kachila,0,1,1,1,0,100,1,50,18,1000,5,26,1,0,0,0,https://th.bing.com/th/id/OIP.NkD_YgOO5YRwahjByC8OngHaE8?rs=1&pid=ImgDetMain
churpii,0,1,1,0,0,20,1.5,2,0,60,82,0,0,0,0,0,https://th.bing.com/th/id/OIP.JpoAqRuDKgo4toClwYA3RwHaDn?rs=1&pid=ImgDetMain
sisnu shoop,0,0,1,0,0,37,0.1,2.4,1.458,428,3.6,297.3,6.7,6.1,0,0.2,https://drivetonortheast.com/uploads/blog/images/blog-1651-3982.jpg
kheer,0,0,1,0,0,282,6.8,8,0,400,83,19,47.6,0.2,0,43.7,https://drivetonortheast.com/uploads/blog/images/blog-1651-3982.jpg
juju dhau,0,1,1,0,0,200,9,20,0,600,180,0,12,0,0,12,https://th.bing.com/th/id/R.db810e724c8749ffce504f4ab0d2b643?rik=OWYeaf9UVf6xgw&pid=ImgRaw&r=0
jeri,0,1,0,0,0,200,2,1.2,0,0,1,25,31,0.3,0,20.1,https://th.bing.com/th/id/OIP.AMMEfXjq_2ACV154Q3_amAHaHa?rs=1&pid=ImgDetMain
lassi,0,1,1,0,0,154,4.5,2.6,0.9,300,0,0,25,0,0,15,https://4.bp.blogspot.com/-pJCbl_geUAg/U0NfkAX350I/AAAAAAAAPzc/YVVzYGIcO2Q/s1600/Lassi6.JPG
Barfi,0,1,0,0,0,84,4,1,0,50,1,25,10,0,0,13,https://th.bing.com/th/id/OIP.LWF-5FERu2w7v2QQD39wFQHaLH?rs=1&pid=ImgDetMain
Sukuti,0,1,1,0,0,289,6.7,53.9,0,0,3.7,0,3.3,0,0,1.5,https://th.bing.com/th/id/OIP.Rjb8o3LVD9bbhu_-nSVOIgHaFA?rs=1&pid=ImgDetMain
Rajhma,0,1,1,0,0,151,7.1,7,2.196,65,167.4,362.4,24.2,0,0,3.7,https://th.bing.com/th/id/R.71ad2055bb746d7732877dfde16dbb91?rik=xoPco60CNm6dZA&pid=ImgRaw&r=0
Kwati,0,1,1,0,0,82,3.4,2.5,1.35,28,360.21,123.1,8.7,2.4,0,2.9,https://th.bing.com/th/id/R.47dd66924327e319a3d1651d6b222948?rik=IiH7mM8gTr2DsQ&pid=ImgRaw&r=0
Mustard Green(Rayo ko sagg),0,1,1,0,0,15,0.2,1.6,0.72,60,11,215,2.6,1.8,0,0.7,https://th.bing.com/th/id/OIP.qjt2qk0cN-lGR1aHK3zUwAHaFC?rs=1&pid=ImgDetMain
Masyaura,0,1,1,0,0,100,1,50,18,1000,5,26,1,0,0,0,https://th.bing.com/th/id/OIP.qjt2qk0cN-lGR1aHK3zUwAHaFC?rs=1&pid=ImgDetMain
khajuri puff,1,0,0,0,1,551,28,8,0,0,0,0,50,0,0,0.7,https://th.bing.com/th/id/OIP.mrRCRT1X6QxgL-ecQjlZpgAAAA?rs=1&pid=ImgDetMain
dhungri,0,1,0,0,0,142,7.2,1.4,0,0,0,0,17.9,0,0,0,https://th.bing.com/th/id/OIP.mrRCRT1X6QxgL-ecQjlZpgAAAA?rs=1&pid=ImgDetMain
puri,1,1,1,0,0,107,3.4,2.7,0.9,10,247,58,16.8,1.7,0,0.1,https://th.bing.com/th/id/OIP.LlRYgR11SCY8ARKbuI-uDQHaHa?rs=1&pid=ImgDetMain
Dahi puri chat,0,1,1,0,1,489,5,16,1.26,500,745,773,30,1,0,20,https://i.ytimg.com/vi/w7gDHw-soYs/maxresdefault.jpg
aloo paratha,1,1,1,0,0,329,6.2,9.1,3.06,50,15,982,62.3,10.1,0,3.9,https://th.bing.com/th/id/R.302e066f5a1ad671bf2bddc8d0e9933c?rik=QONPWxsmiFJtqg&pid=ImgRaw&r=0
onion pakauda,0,1,1,0,0,80,4.8,1.1,0.4,58,30.6,0.4,8.2,0.4,0,0.6,https://1.bp.blogspot.com/-sY8u0B7VF_M/WTTIji_c-TI/AAAAAAAAAls/Ifr8BKN3yk0Z0vFGwZhdxpDc5EeWX4xRgCLcB/s1600/onion_pakoda.jpg
shapaley,0,1,0,0,1,100,1,50.1,18,1002,5,26,1,0,0,0,https://th.bing.com/th/id/R.9ae4816793316d0b4adac65c3ef13f6b?rik=iiBDsV3Ff6dTAQ&pid=ImgRaw&r=0
chicken sausages,0,1,0,1,1,140,8,15,1.08,20,470,0,2,1,0,0.01,https://th.bing.com/th/id/OIP.TtT4p_IMQU2bpB6bWnNk9wAAAA?rs=1&pid=ImgDetMain
Buff Sausages,0,1,0,1,1,250,19,0,1.8,0,1134,145,0,19,0,0,https://th.bing.com/th/id/OIP.f7AKMc5DY7m54bqFMvVp6gHaFj?rs=1&pid=ImgDetMain
Rikikur,0,1,1,0,1,268,14.8,6.1,1.674,32,764,622,27.8,3.3,0,1.8,https://th.bing.com/th/id/OIP.qJIxs09zoKEUZODM3Exm6QHaFj?rs=1&pid=ImgDetMain
Bhatmas Sadeko,0,1,1,0,0,445,13,8.8,0,0,0,0,73.7,0,0,0,https://chaosofflavor.com/wp-content/uploads/2023/03/Bhatmas-sadeko.png
Anda Bara,0,1,0,1,0,499,24.3,13.8,0,0,0,0,45.6,13.5,0,12,https://th.bing.com/th/id/OIP.A7jmEUFJhcgkq4hKlivAAQHaHa?rs=1&pid=ImgDetMain
Mix Bara,0,1,0,0,0,112,1.5,12.6,0,0,0,0,8.1,4,0,0,https://th.bing.com/th/id/OIP.IxXJqrFmsz3-pNt0gtTDxgHaEL?rs=1&pid=ImgDetMain
pakku,0,1,1,0,0,34,0.8,6,0,0,354,0,0.8,0,0,0.8,https://th.bing.com/th/id/OIP.x7BSwpjCaXd72wx9_SP3cwHaGc?rs=1&pid=ImgDetMain
Alu chop,0,1,0,0,0,215,20,1,0.36,10,30,0,9,1,0,1,https://th.bing.com/th/id/R.4e97142792db514711ee0b30200e43f5?rik=duZXycyEi5%2bHTg&pid=ImgRaw&r=0
Tareko machha,0,1,1,1,0,160,6,20,3.6,100,50,450,9,5,0,0.01,https://th.bing.com/th/id/R.4e97142792db514711ee0b30200e43f5?rik=duZXycyEi5%2bHTg&pid=ImgRaw&r=0
Dhal Bhatt,0,1,1,0,0,350,0.7,3.2,0.001,48,2,30,0.4,0.1,0,0.2,https://th.bing.com/th/id/OIP.0pcR8lMMIpwleJyLDE0fWwHaFj?rs=1&pid=ImgDetMain
Golmedako Aachar,0,1,1,0,0,4,0.3,0.1,0.636,1,7.9,11.3,0.3,0.1,0,0.1,https://th.bing.com/th/id/OIP.cV8ioFVTPJcFp99Bpy78kAHaGZ?rs=1&pid=ImgDetMain
chamsur ko sagg,0,1,1,0,0,90,0,3,0.72,20,690,500,20,3,0,4,https://i.ytimg.com/vi/JlJWXHqfrFQ/maxresdefault.jpg
palungo,0,1,1,0,0,20,0,2,2.7,80,65,470,3,2,0,0,https://th.bing.com/th/id/OIP.FfGuXyRAq18wg2TnG_3d5gHaHa?rs=1&pid=ImgDetMain
lattee ko sagg,0,1,1,0,0,110,4,8,0,0,0,0,10.6,0,0,0,https://th.bing.com/th/id/R.a99d068a0c8079d0b18a8d0a360242d1?rik=CQlZxM4Zdu3%2bFQ&pid=ImgRaw&r=0
Malpuwa,1,0,1,0,0,88,4,3,0.72,0,46,0,9,0,0,12,https://th.bing.com/th/id/R.a99d068a0c8079d0b18a8d0a360242d1?rik=CQlZxM4Zdu3%2bFQ&pid=ImgRaw&r=0
Buff Bhutun,0,1,1,1,0,141,6.7,5,0,0,170.1,0,15.2,0,0,0.6,https://restorma.com/uploads/thachhen/dish/c94ac2a8d33520041227d9cfb56c077b1704088497.jpg
Keema Noodles,0,1,0,0,1,190,7,4,1.44,20,790,0,26,1,0,1,https://th.bing.com/th/id/OIP.oBQ4LRrX1a4HT6VXFwacTQHaJQ?rs=1&pid=ImgDetMain
Dhikri,1,0,1,0,0,204,2,4,0,0,0,0,42,0,0,0,https://th.bing.com/th/id/OIP.Ir8qmzaWxZ2KiRLwHfzSiAHaEK?rs=1&pid=ImgDetMain
kodo ko roti,0,1,1,0,0,325,1,7,0,0,5,0,72,12,0,0,https://th.bing.com/th/id/OIP.Ir8qmzaWxZ2KiRLwHfzSiAHaEK?rs=1&pid=ImgDetMain
fapher ko roti,0,1,1,0,0,115,7,3,0,80,35,0,10,0,0,9,https://th.bing.com/th/id/OIP.Xl6lc5Q1vqXTIdcpR_wMzwHaFA?rs=1&pid=ImgDetMain
peda,0,1,0,0,0,115,7,3,0,80,35,0,10,0,0,9,https://th.bing.com/th/id/R.936043430b01fa2babdb66b7c8a70966?rik=u662K3vFjUHiZA&riu=http%3a%2f%2fwww.vegrecipesofindia.com%2fwp-content%2fuploads%2f2017%2f10%2fpeda-recipe18.jpg&ehk=XYZY7sZV%2f4Wk%2fLi9JdSvQ50wOPPR9vU1iL9FTbdigSs%3d&risl=&pid=ImgRaw&r=0
kafal,0,1,0,0,0,100,0.2,0,0.018,10,4,120,11.3,1.1,0,7,https://th.bing.com/th/id/R.9aafd0bdfe90c920be1bae6b114707b7?rik=lfLFStF4GH84%2bA&pid=ImgRaw&r=0&sres=1&sresct=1
Gwaramari,1,1,0,0,0,190,0.5,7,0.27,60,450,0,39,1,0,0,https://th.bing.com/th/id/R.9aafd0bdfe90c920be1bae6b114707b7?rik=lfLFStF4GH84%2bA&pid=ImgRaw&r=0&sres=1&sresct=1
Tongba,0,0,1,0,0,100,1,50,18,1000,5,26,1,0,0,0,https://th.bing.com/th/id/R.9aafd0bdfe90c920be1bae6b114707b7?rik=lfLFStF4GH84%2bA&pid=ImgRaw&r=0&sres=1&sresct=1
Gulab jamun,0,1,0,0,0,143,7.5,2.2,0.36,90,40,105,17,0,0,16,https://th.bing.com/th/id/R.8c754e5b04852662a6e16623a0e212d1?rik=IxqGSH7QSoKfLw&pid=ImgRaw&r=0
wai wai noodles,0,1,0,0,1,270,9,7,0.72,20,930,0,41,2,0,2,https://th.bing.com/th/id/R.aa918fbc8c5212963012cc5be116719d?rik=Zquv0cLCx3kMXQ&pid=ImgRaw&r=0
chana masala,1,1,1,0,0,565,10.4,18.5,3.51,84,300,311,92,7.3,0,0.1,https://th.bing.com/th/id/R.bcb7c59635fe9e47bf5cd1f614a482c5?rik=6CeXo26K7zjB8A&pid=ImgRaw&r=0
chini ko laddhu,0,1,0,0,0,5,0.3,0.1,0.018,0,0.3,3.8,0.6,0,0,0.3,https://th.bing.com/th/id/OIP.n5nVeEB-aG8nFulI3MyVFAAAAA?rs=1&pid=ImgDetMain
Digestive Biscuits,1,0,0,0,0,71,3.1,1.1,0,0,0.1,0,9.3,0.5,0,0,https://th.bing.com/th/id/R.220fb9ee468791d81246d95270d30576?rik=8Jh8DIqDFypwNQ&riu=http%3a%2f%2f4.bp.blogspot.com%2f-nM0rpDB2YMQ%2fT2mNlFLLTWI%2fAAAAAAAAAPY%2foGQaBeNa4zM%2fs1600%2fIMG_0494.jpg&ehk=iS2SD6CnJJj%2fSZ05mcRE0uMDnMw%2f7cByiQ1sYRQyO6o%3d&risl=&pid=ImgRaw&r=0
Hide and Sick,1,1,0,0,0,750,27,9,2.7,0,165,0,120,0,0,63,https://th.bing.com/th/id/R.220fb9ee468791d81246d95270d30576?rik=8Jh8DIqDFypwNQ&riu=http%3a%2f%2f4.bp.blogspot.com%2f-nM0rpDB2YMQ%2fT2mNlFLLTWI%2fAAAAAAAAAPY%2foGQaBeNa4zM%2fs1600%2fIMG_0494.jpg&ehk=iS2SD6CnJJj%2fSZ05mcRE0uMDnMw%2f7cByiQ1sYRQyO6o%3d&risl=&pid=ImgRaw&r=0
Donuts,1,1,0,0,0,310,18,4,1.44,60,350,0,32,1,0,11,https://th.bing.com/th/id/R.220fb9ee468791d81246d95270d30576?rik=8Jh8DIqDFypwNQ&riu=http%3a%2f%2f4.bp.blogspot.com%2f-nM0rpDB2YMQ%2fT2mNlFLLTWI%2fAAAAAAAAAPY%2foGQaBeNa4zM%2fs1600%2fIMG_0494.jpg&ehk=iS2SD6CnJJj%2fSZ05mcRE0uMDnMw%2f7cByiQ1sYRQyO6o%3d&risl=&pid=ImgRaw&r=0
Dal Bhat,0,1,1,0,0,350,4,10,2.5,40,30,250,65,6,0,2,https://th.bing.com/th/id/R.220fb9ee468791d81246d95270d30576?rik=8Jh8DIqDFypwNQ&riu=http%3a%2f%2f4.bp.blogspot.com%2f-nM0rpDB2YMQ%2fT2mNlFLLTWI%2fAAAAAAAAAPY%2foGQaBeNa4zM%2fs1600%2fIMG_0494.jpg&ehk=iS2SD6CnJJj%2fSZ05mcRE0uMDnMw%2f7cByiQ1sYRQyO6o%3d&risl=&pid=ImgRaw&r=0
Gundruk,0,1,0,0,0,80,0.4,3.9,3,80,50,300,14,5,0,1,https://th.bing.com/th/id/R.fddedbeb49dce7f80cbfcba580e17472?rik=0Ehu57UF4QH%2brw&riu=http%3a%2f%2f4.bp.blogspot.com%2f-U2YMB2pVKZc%2fU3Q36eosCgI%2fAAAAAAAABXk%2flZxHggvhdmM%2fs1600%2fDSC04152.JPG&ehk=FmAnQEMl4kHIKqMoQ1Y%2bd4bBeVywA0dtCM6Tr7BMrcI%3d&risl=&pid=ImgRaw&r=0
Momo (Veg),0,1,0,1,0,240,8,6,1.5,25,350,190,32,2.5,0,2.5,https://th.bing.com/th/id/R.fddedbeb49dce7f80cbfcba580e17472?rik=0Ehu57UF4QH%2brw&riu=http%3a%2f%2f4.bp.blogspot.com%2f-U2YMB2pVKZc%2fU3Q36eosCgI%2fAAAAAAAABXk%2flZxHggvhdmM%2fs1600%2fDSC04152.JPG&ehk=FmAnQEMl4kHIKqMoQ1Y%2bd4bBeVywA0dtCM6Tr7BMrcI%3d&risl=&pid=ImgRaw&r=0
Sel Roti,1,1,0,0,1,400,15,5,2,20,100,120,60,1,0,10,https://th.bing.com/th/id/R.fddedbeb49dce7f80cbfcba580e17472?rik=0Ehu57UF4QH%2brw&riu=http%3a%2f%2f4.bp.blogspot.com%2f-U2YMB2pVKZc%2fU3Q36eosCgI%2fAAAAAAAABXk%2flZxHggvhdmM%2fs1600%2fDSC04152.JPG&ehk=FmAnQEMl4kHIKqMoQ1Y%2bd4bBeVywA0dtCM6Tr7BMrcI%3d&risl=&pid=ImgRaw&r=0
Aloo Tama,0,1,1,0,0,110,3,2,2.2,35,180,240,20,4,0,1,https://th.bing.com/th/id/OIP.79spZeICsBG4ExLyZvNDYQHaHa?o=7rm=3&rs=1&pid=ImgDetMain
Thukpa,0,1,1,0,0,120,2,4,1.2,15,450,200,18,1.5,0,1,https://th.bing.com/th/id/OIP.79spZeICsBG4ExLyZvNDYQHaHa?o=7rm=3&rs=1&pid=ImgDetMain
Chatamari,0,1,0,0,0,180,6,6,1.8,18,220,170,25,1.8,0,1.5,https://th.bing.com/th/id/R.3ac3427fadc5d74107d47f247578d2de?rik=Pj5yDIovsJ45CA&pid=ImgRaw&r=0
Yomari,0,1,0,0,1,200,4.5,5,1.1,10,40,150,35,1,0,12,https://th.bing.com/th/id/OIP.iYZhHL9zq0l-f_v9YuW0ZgHaE8?rs=1&pid=ImgDetMain
Bara,0,1,0,1,0,250,10,7,2.4,22,100,160,28,3,0,2,https://th.bing.com/th/id/OIP.RDpc2BZBe08NMh2hyD7URgHaFb?rs=1&pid=ImgDetMain
Kwati,0,1,1,0,0,140,1.5,9,2.8,30,60,210,20,5,0,1,https://www.bhaktapur.com/wp-content/uploads/2020/03/kwati-special-dish-of-janai-purnima.jpg
Fapar ko Roti,1,1,0,0,0,180,3,6,1.9,25,30,170,32,4,0,1,https://th.bing.com/th/id/R.131dd9095fd44de9b4a76d89fc3279fe?rik=snyP0TEHuVgO%2bA&pid=ImgRaw&r=0
Chhurpi,0,0,0,1,0,320,20,25,0.5,800,90,150,5,0,0,0,https://th.bing.com/th/id/R.131dd9095fd44de9b4a76d89fc3279fe?rik=snyP0TEHuVgO%2bA&pid=ImgRaw&r=0
Kinema,0,1,0,0,0,150,5,6.5,2,40,80,130,18,2,0,1,https://th.bing.com/th/id/OIP.CAP35Uoq8EuM4DsvaMbpVwHaEI?rs=1&pid=ImgDetMain
Sukuti,0,1,0,1,0,350,18,30,3.5,50,500,200,0,0,0,0,https://th.bing.com/th/id/OIP.04U--ec5Jzk9V8gN5RdBpAHaEc?rs=1&pid=ImgDetMain
Piro Aloo,0,1,0,0,0,130,3,2,1,15,150,180,22,2,0,1,https://th.bing.com/th/id/OIP.qJ0J2Zbgumw_KqEEMnNz_wHaEK?rs=1&pid=ImgDetMain
Tama ko Tarkari,0,1,0,0,0,90,2,3,1.5,20,200,210,10,3,0,1,https://th.bing.com/th/id/OIP.f_NV9Fg1YhD7Hgdy4Tlj9QHaEK?rs=1&pid=ImgDetMain
Khasiko Masu,0,1,1,1,0,280,15,24,3.2,30,400,260,0,0,0,0,https://th.bing.com/th/id/R.b72e7eee2003eb4ab4de2d7a6c86ffab?rik=AzerNtiNEG%2bfpA&pid=ImgRaw&r=0
Bhuteko Makai,0,1,0,0,0,110,1,3,0.9,10,20,90,20,2.5,0,1,https://th.bing.com/th/id/OIP.jvpXLKVuPhVVJ30k5GEq8gHaKb?rs=1&pid=ImgDetMain
Chukauni,0,1,0,0,0,140,5,4,1,20,150,160,15,1.5,0,2,"https://c.ndtvimg.com/2024-04/29ga5iug_chukauni-instagram-video_625x300_25_April_24.jpg?im=FeatureCrop,algorithm=dnn,width=620,height=350"
Lapsi Candy,0,0,0,0,1,160,0.2,0.5,0.7,10,10,100,38,1,0,35,https://c1.staticflickr.com/5/4076/4902475309_9b4778f47d_b.jpg
Gundruk,1,1,1,0,0,150,5,4,1,20,50,200,30,3,0,5,https://th.bing.com/th/id/OIP.oC64DUbT1U97EyMAZnhKSAHaHQ?rs=1&pid=ImgDetMain
Dhido,1,1,1,0,0,150,5,4,1,20,50,200,30,3,0,5,https://th.bing.com/th/id/OIP.f_RdQv21gKwT1pKdliwRSgHaEK?rs=1&pid=ImgDetMain
Sel Roti,1,1,1,0,0,150,5,4,1,20,50,200,30,3,0,5,https://th.bing.com/th/id/OIP.DlaBlK6_jVMr6bCg2kUaHwHaMJ?rs=1&pid=ImgDetMain
Yomari,1,1,1,0,0,150,5,4,1,20,50,200,30,3,0,5,https://i.ytimg.com/vi/gzQG5tn1I-Q/maxresdefault.jpg
Chatamari,1,1,1,0,0,150,5,4,1,20,50,200,30,3,0,5,https://th.bing.com/th/id/R.b6c0c8bbbfb43e102fdc915d54e498a4?rik=KKzuHSc2c2KAeA&riu=http%3a%2f%2f4.bp.blogspot.com%2f-C2LjndnKnx8%2fU6jIDtL0SrI%2fAAAAAAAABwk%2fWHWi23Rg3ms%2fs1600%2fDSC04733.JPG&ehk=zS5VePcy1DS2CgQs3IhQKIRhR4LtN4lFuZ64RnWtPKs%3d&risl=&pid=ImgRaw&r=0
Sinki,1,1,1,0,0,150,5,4,1,20,50,200,30,3,0,5,https://ik.imagekit.io/shortpedia/Voices/wp-content/uploads/2021/05/sinki-soup.jpg
Kodo ko Roti,1,1,1,0,0,150,5,4,1,20,50,200,30,3,0,5,https://th.bing.com/th/id/OIP.r2FtKgqrPxTjyfpdfcvhlwHaE5?rs=1&pid=ImgDetMain
Aloo Tama,1,1,1,0,0,150,5,4,1,20,50,200,30,3,0,5,https://www.nepalholiday.com/wp-content/uploads/2024/06/Aloo-Tama.webp
Bhakka,1,1,1,0,0,150,5,4,1,20,50,200,30,3,0,5,https://th.bing.com/th/id/OIP.dq85wUyo79DXUxEf5gQMtgHaE8?rs=1&pid=ImgDetMain
Bara,1,1,1,0,0,150,5,4,1,20,50,200,30,3,0,5,https://th.bing.com/th/id/R.3abe4138af41a659c0b36d361a4297ba?rik=rEPrRqUuNKjGMg&riu=http%3a%2f%2fsanascarte.com%2fwp-content%2fuploads%2f2022%2f04%2fDSC_0117-1536x1024.jpg&ehk=JTgDQafFsG2FMxVQlNGsWNc0cIQbHV7P4V15wyD49vI%3d&risl=&pid=ImgRaw&r=0
Thukpa,1,1,1,0,0,150,5,4,1,20,50,200,30,3,0,5,https://th.bing.com/th/id/R.0cc76c62bdb4fdd751aeaebc9cd261f9?rik=qkRDtWkb8kQm5w&pid=ImgRaw&r=0
Momo,1,1,1,0,0,150,5,4,1,20,50,200,30,3,0,5,https://i.pinimg.com/originals/11/53/fa/1153fa2bf47479abe9d9609483375fe3.jpg
Choila,1,1,1,0,0,150,5,4,1,20,50,200,30,3,0,5,https://th.bing.com/th/id/OIP.Wtpuy6mJVMJnUNl5gFlV9AHaE8?rs=1&pid=ImgDetMain
Sukuti,1,1,1,0,0,150,5,4,1,20,50,200,30,3,0,5,https://junifoods.com/wp-content/uploads/2024/06/Sukuti-sadheko-nepali-recipe-dried-buffalo-meat-2.jpg
Kwati,1,1,1,0,0,150,5,4,1,20,50,200,30,3,0,5,https://english.onlinekhabar.com/wp-content/uploads/2021/08/A-bowl-of-Kwati-768x488.jpg
Juju Dhau,1,1,1,0,0,150,5,4,1,20,50,200,30,3,0,5,https://th.bing.com/th/id/R.7494c94602670ac3694586f9cfaa611a?rik=93r5oBcwOknOiw&pid=ImgRaw&r=0
Samay Baji,1,1,1,0,0,150,5,4,1,20,50,200,30,3,0,5,https://www.altitudehimalaya.com/media/files/Blog/Food/Samay-Baji-Newari-Khaja-Set.jpeg
Chhurpi,1,1,1,0,0,150,5,4,1,20,50,200,30,3,0,5,https://en-media.thebetterindia.com/uploads/2023/06/chhurpi-2-1686316784.jpg
Kinema,1,1,1,0,0,150,5,4,1,20,50,200,30,3,0,5,https://th.bing.com/th/id/R.e890310cfa64f8e8142fd7622eaa31d0?rik=cc%2fj7mnyxoX3cA&pid=ImgRaw&r=0
Phulaurah Gundruk,1,1,1,0,0,150,5,4,1,20,50,200,30,3,0,5,https://th.bing.com/th/id/OIP.HjaBKe5kZoGWoxvIFHBPTwHaJL?rs=1&pid=ImgDetMain
Piro Aloo,1,1,1,0,0,150,5,4,1,20,50,200,30,3,0,5,https://a-cloud.b-cdn.net/media/iW=1200&iH=630/2eb1d759c677837b009d537189dd3c65.jpg
Tama Bodi,1,1,1,0,0,150,5,4,1,20,50,200,30,3,0,5,https://th.bing.com/th/id/OIP.79spZeICsBG4ExLyZvNDYQHaHa?rs=1&pid=ImgDetMain
Thenthuk,1,1,1,0,0,150,5,4,1,20,50,200,30,3,0,5,https://th.bing.com/th/id/R.9247e74661418a145453b8ac5a9f3f82?rik=D7RW855wDLjsCw&riu=http%3a%2f%2f4.bp.blogspot.com%2f-HF2E5TYuPOU%2fU6h1zs67yxI%2fAAAAAAAAjb4%2fYN-hX0nJEC8%2fs1600%2fThenthuk%2bsoup.NEF.jpg&ehk=kvl%2f4bc4Rvlfzg1Lx0SFJPCL1tFNDfLuVwhpFTQi5aE%3d&risl=&pid=ImgRaw&r=0
Fapar ko Roti,1,1,1,0,0,150,5,4,1,20,50,200,30,3,0,5,https://1.bp.blogspot.com/-1oqlXOAR0WA/VhHDjvSP4QI/AAAAAAAAUbs/HT0a7Hd9iKU/s1600/1-IMG_0042.JPG
Masyaura,1,1,1,0,0,150,5,4,1,20,50,200,30,3,0,5,https://th.bing.com/th/id/OIP.U1amrOT-HwtQ2vTGw3VfXAHaIA?rs=1&pid=ImgDetMain
Bamboo Shoot Curry,1,1,1,0,0,150,5,4,1,20,50,200,30,3,0,5,https://th.bing.com/th/id/OIP.VKCR-23AKhM6x6s9NBfZ6wHaE8?rs=1&pid=ImgDetMain
Tilhari,1,1,1,0,0,150,5,4,1,20,50,200,30,3,0,5,https://i.ytimg.com/vi/2drFIRaCnw8/maxresdefault.jpg
Ghonghi,1,1,1,0,0,150,5,4,1,20,50,200,30,3,0,5,https://i.ytimg.com/vi/i7cTBL2XugI/maxresdefault.jpg
Sisnu Soup,1,1,1,0,0,150,5,4,1,20,50,200,30,3,0,5,https://th.bing.com/th/id/R.e94e4884da48d60a811dbe5a1b9f204d?rik=9leFfg10Jfndzg&pid=ImgRaw&r=0
Rildok,1,1,1,0,0,150,5,4,1,20,50,200,30,3,0,5,https://th.bing.com/th/id/OIP.9LkfhcSsJE_BsntmR0sjnQHaFA?rs=1&pid=ImgDetMain
Batuk,1,1,1,0,0,150,5,4,1,20,50,200,30,3,0,5,https://assets-api.kathmandupost.com/thumb.php?src=https://assets-cdn.kathmandupost.com/uploads/source/news/2020/lifestyle/batuk-1598575672.jpg&w=900&height=601
Pakhala Bhat,1,1,1,0,0,150,5,4,1,20,50,200,30,3,0,5,https://th.bing.com/th/id/OIP.EESMZjXRTOVPFHMufVKLRwHaFP?rs=1&pid=ImgDetMain
Kanchemba,1,1,1,0,0,150,5,4,1,20,50,200,30,3,0,5,https://www.thegundruk.com/wp-content/uploads/2016/06/Kanchemba-Thakali-Buckwheat-Fries.jpg
Tama Curry,1,1,1,0,0,150,5,4,1,20,50,200,30,3,0,5,https://th.bing.com/th/id/OIP.kxnQ_ulYIbVEECEMh6yoDQHaFU?rs=1&pid=ImgDetMain
Karkalo Curry,1,1,1,0,0,150,5,4,1,20,50,200,30,3,0,5,https://th.bing.com/th/id/OIP.Ptbp38GgMHA26WOGkYAgBgHaEK?rs=1&pid=ImgDetMain
Buckwheat Pancake,1,1,1,0,0,150,5,4,1,20,50,200,30,3,0,5,https://th.bing.com/th/id/R.cf4169ddeaba81a952ae2495607cff50?rik=Sk7c%2fbptTiy5%2bA&pid=ImgRaw&r=0
Chukauni,1,1,1,0,0,150,5,4,1,20,50,200,30,3,0,5,https://th.bing.com/th/id/R.9b4680e5e4877c9294d10f101ebf6645?rik=MWUY%2bHQGdgmWFw&riu=http%3a%2f%2f3.bp.blogspot.com%2f-D0Ali4gVNvM%2fUf5ix85To6I%2fAAAAAAAAAFQ%2fnazXZbDQlxY%2fs1600%2fDSC05987.JPG&ehk=VW%2f3ATr1dScBzDE9OkEkVK7nKlpmROWZagdrkcD5I8o%3d&risl=&pid=ImgRaw&r=0
Lapsi Candy,1,1,1,0,0,150,5,4,1,20,50,200,30,3,0,5,https://www.muncha.com/img/l93767.jpg
Khir,1,1,1,0,0,150,5,4,1,20,50,200,30,3,0,5,https://th.bing.com/th/id/OIP.CqLYTVpVU7QIWUf_NUb2RAHaE8?rs=1&pid=ImgDetMain
Aalu Achaar,1,1,1,0,0,150,5,4,1,20,50,200,30,3,0,5,https://th.bing.com/th/id/OIP.7oSIugnjeGjGRQCDWBT_zgHaEw?rs=1&pid=ImgDetMain
Aaila,1,1,1,0,0,150,5,4,1,20,50,200,30,3,0,5,https://c8.alamy.com/comp/PJTAMY/asian-cuisine-fried-noodle-with-beef-PJTAMY.jpg
Bhuteko Makai,1,1,1,0,0,150,5,4,1,20,50,200,30,3,0,5,https://thumbs.dreamstime.com/z/fried-corn-indian-breakfast-winter-break-steel-bowl-dry-bhuteko-makai-bhuta-bhutta-family-village-180782115.jpg
Roti Tarkari,1,1,1,0,0,150,5,4,1,20,50,200,30,3,0,5,https://th.bing.com/th/id/OIP.fN7gzhjc7cK5CjX3SLdmkwHaE7?rs=1&pid=ImgDetMain
Phini Roti,1,1,1,0,0,150,5,4,1,20,50,200,30,3,0,5,https://th.bing.com/th/id/OIP.KLov3ssoBesXExCrGkcSewHaEO?rs=1&pid=ImgDetMain
Malpuwa,1,1,1,0,0,150,5,4,1,20,50,200,30,3,0,5,https://th.bing.com/th/id/R.2e6a26ca8db986462c313e1f55fe1aba?rik=28WIJseuJSfuNw&pid=ImgRaw&r=0
Aloo Sadeko,1,1,1,0,0,150,5,4,1,20,50,200,30,3,0,5,https://th.bing.com/th/id/OIP.MBp93bwrz3330Zk7Nt9GGwHaHa?rs=1&pid=ImgDetMain
Bhatmas Sadeko,1,1,1,0,0,150,5,4,1,20,50,200,30,3,0,5,https://chaosofflavor.com/wp-content/uploads/2023/03/Bhatmas-sadeko.png
Kera Kofta,1,1,1,0,0,150,5,4,1,20,50,200,30,3,0,5,https://i.ytimg.com/vi/bQfmHVyaRpY/maxresdefault.jpg
Bodi Ko Tarkari,1,1,1,0,0,150,5,4,1,20,50,200,30,3,0,5,https://th.bing.com/th/id/OIP.OIOV-BmAASbwfC0DwPMPtwHaLK?rs=1&pid=ImgDetMain
Siltung,1,1,1,0,0,150,5,4,1,20,50,200,30,3,0,5,https://i.ytimg.com/vi/VTY5yBvMX0c/oar2.jpg?sqp=-oaymwEkCJUDENAFSFqQAgHyq4qpAxMIARUAAAAAJQAAyEI9AICiQ3gB&rs=AOn4CLCQpzhmJzA_dl4FJHZWiCgBuffavg